{"aces":{"1":12.2017707985},"df":{"1":5.7367858336},"s&v":{"1":5.7367858336},"1stS_rally":{"1":68.8628800535},"2ndS_rally":{"1":31.4268292683},"unforced_errors":{"1":43.3},"Opp. Serve Rally":{"1":53.7022385566},"osr":{"1":53.7022385566}}